Don,Burks,don@lighthouselabs.ca
Khurram,Virani,kvirani@lighthouselabs.ca
Brandon,Corness,brandoncorness@gmail.com
Linda,Hayashida,fitzhayashida@gmail.com
Teresa,To,teresaliszu@gmail.com
Greg,Moiras,gregmoiras@gmail.com
Bradley,Sharpe,brsharpe@me.com
Kristen,Cooke,cooke.ka@gmail.com
Iryna,Shestak,shestak.irina@gmail.com
Kelvin,Wong,kelvinw88@gmail.com
Monica,Olinescu,monica.olinescu@gmail.com
Murat,Ayfer,murat@ayfer.net
Sunil,Unka,sunil.unka@gmail.com
Joseph,Coombes,josephcoombes@me.com
